FullName,Age,City,Email,JobTitle  
James Smith,45,London,james.smith@email.com,System Administrator  
Maria Garcia,23,Manchester,maria.garcia@email.com,Software Engineer  
Wei Chen,58,Birmingham,wei.chen@email.com,Database Administrator  
Priya Patel,31,Leeds,priya.patel@email.com,Marketing Specialist  
James Smith,45,London,james.smith@email.com,System Administrator  
Sophie Martin,19,Glasgow,sophie.martin@email.com,Intern  
Liam O'Connor,62,Liverpool,liam.oconnor@email.com,Project Manager  
Yuki Tanaka,33,Bristol,yuki.tanaka@email.com,Data Analyst  
Elena Popov,28,Cardiff,elena.popov@email.com,Graphic Designer  
Marcus Anderson,51,Edinburgh,marcus.anderson@email.com,IT Manager  
Aisha Khan,24,Belfast,aisha.khan@email.com,HR Assistant  
Wei Chen,58,Birmingham,wei.chen@email.com,Database Administrator  
Isabella Romano,32,Oxford,isabella.romano@email.com,Research Scientist  
Oliver Brown,44,Cambridge,oliver.brown@email.com,Network Engineer  
Fatima Hassan,21,Leicester,fatima.hassan@email.com,Customer Support  
Lucas Silva,37,Nottingham,lucas.silva@email.com,Product Manager  
Emma Wilson,35,Sheffield,emma.wilson@email.com,Content Writer  
Raj Kumar,63,Southampton,raj.kumar@email.com,Operations Manager  
Anna Kowalski,29,Portsmouth,anna.kowalski@email.com,Accountant  
Thomas Miller,48,Newcastle,thomas.miller@email.com,Security Specialist  
Zara Ali,22,Brighton,zara.ali@email.com,Social Media Manager  
James Smith,45,London,james.smith@email.com,System Administrator  
Nina Ivanov,34,Reading,nina.ivanov@email.com,UX Designer  
Carlos Rodriguez,41,York,carlos.rodriguez@email.com,Sales Manager  
Sarah Johnson,26,Durham,sarah.johnson@email.com,Recruiter  
Akiko Sato,52,Bath,akiko.sato@email.com,Senior Developer  
David Cohen,18,Exeter,david.cohen@email.com,Junior Developer  
Lisa Wong,47,Plymouth,lisa.wong@email.com,Technical Writer  
Ahmed Hassan,61,Aberdeen,ahmed.hassan@email.com,Logistics Manager  
Julia Schmidt,31,Dundee,julia.schmidt@email.com,Data Scientist  
Miguel Martinez,43,Chester,miguel.martinez@email.com,Quality Assurance  
Grace Lee,25,Winchester,grace.lee@email.com,Marketing Coordinator  
Alexander Petrov,57,Canterbury,alexander.petrov@email.com,System Architect  
Wei Chen,58,Birmingham,wei.chen@email.com,Database Administrator  
Robert Williams,46,Coventry,robert.williams@email.com,DevOps Engineer  
Leila Mahmoud,20,Hull,leila.mahmoud@email.com,Intern  
Giovanni Rossi,54,Norwich,giovanni.rossi@email.com,Senior Consultant  
Emily Davies,29,Swansea,emily.davies@email.com,Event Planner  
Hassan Abdul,65,Derby,hassan.abdul@email.com,Retired Consultant  
Natalia Sokolov,34,Leicester,natalia.sokolov@email.com,Financial Analyst  
Benjamin Clarke,42,Oxford,benjamin.clarke@email.com,IT Support Specialist  
Mei Liu,27,Manchester,mei.liu@email.com,Web Developer  
James Smith,45,London,james.smith@email.com,System Administrator  
Carmen Sanchez,33,Liverpool,carmen.sanchez@email.com,HR Manager  
Viktor Novak,39,Glasgow,viktor.novak@email.com,Software Tester  
Rachel Green,22,Edinburgh,rachel.green@email.com,Content Creator  
Ali Malik,56,Birmingham,ali.malik@email.com,Senior Engineer  
Lucia Ferrari,36,Leeds,lucia.ferrari@email.com,Product Designer  
Andrew White,45,Bristol,andrew.white@email.com,IT Consultant  
Yara Nasser,19,Cardiff,yara.nasser@email.com,Intern  
Sophia Brown,30,London,sophia.brown@email.com,Legal Advisor  
Ethan Taylor,40,Manchester,ethan.taylor@email.com,Operations Analyst  
Chloe Evans,28,Birmingham,chloe.evans@email.com,Digital Marketer  
Ryan Carter,50,Leeds,ryan.carter@email.com,Team Lead  
Amelia Scott,33,Glasgow,amelia.scott@email.com,HR Specialist  
Jack Turner,60,Liverpool,jack.turner@email.com,Retired Engineer  
Hannah Walker,24,Bristol,hannah.walker@email.com,Junior Analyst  
Daniel Hall,35,Cardiff,daniel.hall@email.com,Software Developer  
Ella Young,29,Edinburgh,ella.young@email.com,Research Assistant  
Matthew King,55,Belfast,matthew.king@email.com,Senior Consultant  
Grace Wright,21,Oxford,grace.wright@email.com,Intern  
Samuel Harris,38,Cambridge,samuel.harris@email.com,Network Administrator  
Lily Adams,26,Leicester,lily.adams@email.com,Customer Success Manager  
Noah Lewis,48,Nottingham,noah.lewis@email.com,Project Coordinator  
Isla Robinson,32,Sheffield,isla.robinson@email.com,Content Strategist  
Jacob Wood,62,Southampton,jacob.wood@email.com,Retired Manager  
Mia Thompson,27,Portsmouth,mia.thompson@email.com,Account Manager  
Charlie Moore,44,Newcastle,charlie.moore@email.com,Security Analyst  
Emily Hill,22,Brighton,emily.hill@email.com,Social Media Coordinator  
Oscar Clark,31,Reading,oscar.clark@email.com,UX Researcher  
Ava Baker,41,York,ava.baker@email.com,Sales Executive  
George Allen,36,Durham,george.allen@email.com,HR Coordinator  
Isabella Parker,53,Bath,isabella.parker@email.com,Senior Developer  
Henry Mitchell,19,Exeter,henry.mitchell@email.com,Junior Developer  
Sophia Hughes,46,Plymouth,sophia.hughes@email.com,Technical Editor  
James Ward,64,Aberdeen,james.ward@email.com,Retired Consultant  
Charlotte Phillips,30,Dundee,charlotte.phillips@email.com,Data Analyst  
Liam Bennett,42,Chester,liam.bennett@email.com,Quality Manager  
Olivia Foster,25,Winchester,olivia.foster@email.com,Marketing Assistant  
William Russell,58,Canterbury,william.russell@email.com,System Engineer  
Ella Carter,34,Birmingham,ella.carter@email.com,Database Analyst  
Mason Murphy,29,Manchester,mason.murphy@email.com,Web Designer  
Sophia Brown,30,London,sophia.brown@email.com,Legal Advisor  
Ethan Taylor,40,Manchester,ethan.taylor@email.com,Operations Analyst  
Chloe Evans,28,Birmingham,chloe.evans@email.com,Digital Marketer  
Ryan Carter,50,Leeds,ryan.carter@email.com,Team Lead  
Amelia Scott,33,Glasgow,amelia.scott@email.com,HR Specialist  
Jack Turner,60,Liverpool,jack.turner@email.com,Retired Engineer  
Hannah Walker,24,Bristol,hannah.walker@email.com,Junior Analyst  
Daniel Hall,35,Cardiff,daniel.hall@email.com,Software Developer  
Ella Young,29,Edinburgh,ella.young@email.com,Research Assistant  
Matthew King,55,Belfast,matthew.king@email.com,Senior Consultant  
Grace Wright,21,Oxford,grace.wright@email.com,Intern  
Samuel Harris,38,Cambridge,samuel.harris@email.com,Network Administrator  
Lily Adams,26,Leicester,lily.adams@email.com,Customer Success Manager  
Noah Lewis,48,Nottingham,noah.lewis@email.com,Project Coordinator  
Isla Robinson,32,Sheffield,isla.robinson@email.com,Content Strategist  
Jacob Wood,62,Southampton,jacob.wood@email.com,Retired Manager  
Mia Thompson,27,Portsmouth,mia.thompson@email.com,Account Manager  
Charlie Moore,44,Newcastle,charlie.moore@email.com,Security Analyst  
Emily Hill,22,Brighton,emily.hill@email.com,Social Media Coordinator  
Oscar Clark,31,Reading,oscar.clark@email.com,UX Researcher  
Ava Baker,41,York,ava.baker@email.com,Sales Executive  
George Allen,36,Durham,george.allen@email.com,HR Coordinator  
Isabella Parker,53,Bath,isabella.parker@email.com,Senior Developer  
Henry Mitchell,19,Exeter,henry.mitchell@email.com,Junior Developer  
Sophia Hughes,46,Plymouth,sophia.hughes@email.com,Technical Editor  
James Ward,64,Aberdeen,james.ward@email.com,Retired Consultant  
Charlotte Phillips,30,Dundee,charlotte.phillips@email.com,Data Analyst  
Liam Bennett,42,Chester,liam.bennett@email.com,Quality Manager  
Olivia Foster,25,Winchester,olivia.foster@email.com,Marketing Assistant  
William Russell,58,Canterbury,william.russell@email.com,System Engineer  
Ella Carter,34,Birmingham,ella.carter@email.com,Database Analyst  
Mason Murphy,29,Manchester,mason.murphy@email.com,Web Designer